{
  "accuracy": 0.90275,
  "precision_macro": 0.9047385662917188,
  "recall_macro": 0.90275,
  "f1_macro": 0.9033732108357159,
  "precision_weighted": 0.9047385662917186,
  "recall_weighted": 0.90275,
  "f1_weighted": 0.903373210835716,
  "score_mean": 0.8811143374816617,
  "score_min": 0.3414534732258154,
  "score_max": 1.0,
  "confusion_matrix": [
    [
      3618,
      32,
      350
    ],
    [
      88,
      3692,
      220
    ],
    [
      423,
      54,
      3523
    ]
  ]
}