{
  "accuracy": 0.985,
  "precision": 1.0,
  "recall": 0.9197860962566845,
  "f1_score": 0.958217270194986,
  "confusion_matrix": [
    [
      813,
      0
    ],
    [
      15,
      172
    ]
  ],
  "roc_auc": 0.9971913622879544
}